Год,Топливо,Производство (добыча) первичной энергии с учетом запасов,Импорт,Экспорт,Валовое потребление ТЭР,Преобразование,Преобразование в тепловую и электрическую энергии,Переработка в другие виды топлива,Потребление в неэнергетическом секторе,Сырье для производства нетопливной продукции,Материалы на нетопливные нужды,Потери,Конечное потребление,Потребление в промышленности,горнодобывающая промышленность,обрабатывающая,"производство продуктов питания, напитков и табачных изделий","производство текстильных изделий, одежды, изделий из кожи и меха",производство изделий из дерева и бумаги; полиграфи-ческая деятельность и тиражирование записанных носителей информации,производство кокса и продуктов нефтепереработки,производство химических продуктов,"производство резиновых и пластмассовых изделий, прочих неметаллических минеральных продуктов","металлургическое производство, производство готовых металлических изделий, кроме машин и оборудования","производство машин и оборудования, не включенных в другие группировки",производство транспортных средств и оборудования,производство прочих готовых изделий,"снабжение электроэнергией, газом, паром, горячей водой и кондиционированным воздухом",строительство,"Сельское, лесное и рыбное хозяйство",Транспорт,Сектор услуг,Жилищный сектор,Unnamed: 33,Unnamed: 34,Unnamed: 35,Unnamed: 36
2005.0,Нефть и газоконденсат,2664.0,27625.0,1925.0,28364,25923.0,3.0,25920.0,1932.0,1931.0,1.0,496.0,0.0,0.0,0.0,0.0,0.0,0.0,0.0,0.0,0.0,0.0,0.0,0.0,0.0,0.0,0.0,0.0,0.0,0.0,0.0,0.0,,0.0,0.0,13.0
2005.0,Газ горючий (природный и попутный),444.0,23138.0,0.0,23582,17503.0,17466.0,37.0,1492.0,1487.0,5.0,246.0,4129.0,,,,,,,,,,,,,,,,,,,1614.0,,1614.0,1614.0,212.0
2005.0,Уголь,24.0,114.0,0.0,138,85.0,85.0,0.0,1.0,0.0,1.0,0.0,52.0,,,,,,,,,,,,,,,,,,,8.0,,8.0,8.0,0.0
2005.0,Торф топливный,752.0,0.0,0.0,752,677.0,61.0,616.0,2.0,0.0,2.0,47.0,26.0,,,,,,,,,,,,,,,,,,,1.0,,1.0,1.0,0.0
2005.0,Дрова,1268.0,0.0,0.0,1268,308.0,307.0,1.0,16.0,6.0,10.0,1.0,929.0,,,,,,,,,,,,,,,,,,,715.0,,715.0,715.0,14.0
2005.0,Прочие виды природного топлива,378.0,0.0,0.0,378,0.0,0.0,0.0,0.0,0.0,0.0,0.0,378.0,,,,,,,,,,,,,,,,,,,86.0,,86.0,86.0,0.0
2005.0,Топливные брикеты,731.0,0.0,147.0,584,88.0,88.0,0.0,0.0,0.0,0.0,0.0,496.0,,,,,,,,,,,,,,,,,,,395.0,,395.0,395.0,0.0
2005.0,Автомобильный бензин,4913.0,1.0,3375.0,1539,0.0,0.0,0.0,0.0,0.0,0.0,0.0,1539.0,,,,,,,,,,,,,,,,,,,691.0,,691.0,691.0,0.0
2005.0,Дизельное топливо,9310.0,460.0,6802.0,2968,6.0,6.0,0.0,1.0,0.0,1.0,0.0,2961.0,,,,,,,,,,,,,,,,,,,441.0,,441.0,441.0,0.0
2005.0,Топочный мазут,8638.0,355.0,7252.0,1741,1136.0,1136.0,0.0,8.0,7.0,1.0,0.0,597.0,,,,,,,,,,,,,,,,,,,0.0,,0.0,0.0,0.0
2005.0,Сжиженный газ,769.0,6.0,416.0,359,2.0,2.0,0.0,5.0,5.0,0.0,2.0,350.0,,,,,,,,,,,,,,,,,,,290.0,,290.0,290.0,0.0
2005.0,Газ нефтепреработки,629.0,0.0,0.0,629,51.0,51.0,0.0,0.0,0.0,0.0,9.0,569.0,,,,,,,,,,,,,,,,,,,0.0,,0.0,0.0,0.0
2005.0,"Кокс, коксик и коксовая мелочь",,,,0,,,,,,,,,,,,,,,,,,,,,,,,,,,,,0.0,0.0,0.0
2005.0,Топливо для реактивных двигателей,491.0,1.0,392.0,100,0.0,0.0,0.0,0.0,0.0,0.0,0.0,100.0,,,,,,,,,,,,,,,,,,,1.0,,1.0,1.0,0.0
2005.0,Прочие виды продуктов переработки топлива,1185.0,84.0,1073.0,196,46.0,46.0,0.0,0.0,0.0,0.0,0.0,150.0,,,,,,,,,,,,,,,,,,,13.0,,13.0,13.0,0.0
2005.0,Электроэнергия (включая атомную и гидроэнергию),8670.0,1382.0,252.0,9800,0.0,0.0,0.0,0.0,0.0,0.0,1018.0,8782.0,,,,,,,,,,,,,,,,,,,1236.0,,1236.0,1236.0,0.0
2005.0,Теплоэнергия,12862.0,0.0,0.0,12862,0.0,0.0,0.0,0.0,0.0,0.0,1112.0,11750.0,,,,,,,,,,,,,,,,,,,4271.0,,4271.0,4271.0,0.0
2005.0,ТЭР- всего,53728.0,53166.0,21634.0,85260,45825.0,19251.0,26574.0,3457.0,3436.0,21.0,2931.0,32808.0,0.0,0.0,0.0,0.0,0.0,0.0,0.0,0.0,0.0,0.0,0.0,0.0,0.0,0.0,0.0,0.0,0.0,0.0,9762.0,,,,
2006.0,Нефть и газоконденсат,2175.0,29896.0,1627.0,30444,27645.0,3.0,27642.0,2255.0,2252.0,3.0,535.0,0.0,0.0,0.0,0.0,0.0,0.0,0.0,0.0,0.0,0.0,0.0,0.0,0.0,,0.0,0.0,0.0,0.0,0.0,0.0,,0.0,0.0,9.0
2006.0,Газ горючий (природный и попутный),99.0,23906.0,0.0,24005,17579.0,17540.0,39.0,1695.0,1690.0,5.0,245.0,4377.0,,,,,,,,,,,,,,,,,,,1649.0,,1649.0,1649.0,109.0
2006.0,Уголь,25.0,84.0,0.0,109,60.0,60.0,0.0,2.0,0.0,2.0,0.0,47.0,,,,,,,,,,,,,,,,,,,9.0,,9.0,9.0,0.0
2006.0,Торф топливный,761.0,0.0,0.0,761,698.0,62.0,636.0,0.0,0.0,0.0,39.0,24.0,,,,,,,,,,,,,,,,,,,1.0,,1.0,1.0,0.0
2006.0,Дрова,1387.0,0.0,0.0,1387,364.0,362.0,2.0,10.0,2.0,8.0,1.0,1012.0,,,,,,,,,,,,,,,,,,,784.0,,784.0,784.0,0.0
2006.0,Прочие виды природного топлива,408.0,0.0,0.0,408,0.0,0.0,0.0,0.0,0.0,0.0,0.0,408.0,,,,,,,,,,,,,,,,,,,99.0,,99.0,99.0,0.0
2006.0,Топливные брикеты,731.0,0.0,127.0,604,89.0,89.0,0.0,0.0,0.0,0.0,0.0,515.0,,,,,,,,,,,,,,,,,,,410.0,,410.0,410.0,0.0
2006.0,Автомобильный бензин,5310.0,51.0,3691.0,1670,0.0,0.0,0.0,0.0,0.0,0.0,0.0,1670.0,,,,,,,,,,,,,,,,,,,833.0,,833.0,833.0,0.0
2006.0,Дизельное топливо,9809.0,1347.0,7781.0,3375,6.0,6.0,0.0,1.0,0.0,1.0,0.0,3368.0,,,,,,,,,,,,,,,,,,,648.0,,648.0,648.0,0.0
2006.0,Топочный мазут,8870.0,384.0,7288.0,1966,1315.0,1315.0,0.0,11.0,8.0,3.0,0.0,640.0,,,,,,,,,,,,,,,,,,,0.0,,0.0,0.0,0.0
2006.0,Сжиженный газ,842.0,50.0,517.0,375,0.0,0.0,0.0,2.0,2.0,0.0,2.0,371.0,,,,,,,,,,,,,,,,,,,297.0,,297.0,297.0,0.0
2006.0,Газ нефтепреработки,741.0,0.0,0.0,741,51.0,51.0,0.0,0.0,0.0,0.0,15.0,675.0,,,,,,,,,,,,,,,,,,,0.0,,0.0,0.0,0.0
2006.0,"Кокс, коксик и коксовая мелочь",,,,0,,,,,,,,,,,,,,,,,,,,,,,,,,,,,0.0,0.0,0.0
2006.0,Топливо для реактивных двигателей,518.0,51.0,429.0,140,0.0,0.0,0.0,0.0,0.0,0.0,0.0,140.0,,,,,,,,,,,,,,,,,,,0.0,,0.0,0.0,0.0
2006.0,Прочие виды продуктов переработки топлива,2006.0,85.0,1902.0,189,41.0,41.0,0.0,1.0,0.0,1.0,0.0,147.0,,,,,,,,,,,,,,,,,,,10.0,,10.0,10.0,0.0
2006.0,Электроэнергия (включая атомную и гидроэнергию),8907.0,1534.0,314.0,10127,0.0,0.0,0.0,0.0,0.0,0.0,1075.0,9052.0,,,,,,,,,,,,,,,,,,,1344.0,,1344.0,1344.0,0.0
2006.0,Теплоэнергия,13017.0,0.0,0.0,13017,0.0,0.0,0.0,0.0,0.0,0.0,1167.0,11850.0,,,,,,,,,,,,,,,,,,,4287.0,,4287.0,4287.0,0.0
2006.0,ТЭР- всего,55606.0,57388.0,23676.0,89318,47848.0,19529.0,28319.0,3977.0,3954.0,23.0,3079.0,34296.0,0.0,0.0,0.0,0.0,0.0,0.0,0.0,0.0,0.0,0.0,0.0,0.0,0.0,0.0,0.0,0.0,0.0,0.0,10371.0,,,,
2007.0,Нефть и газоконденсат,3117.0,28652.0,1217.0,30552,27662.0,1.0,27661.0,2364.0,2361.0,3.0,548.0,0.0,0.0,0.0,0.0,0.0,0.0,0.0,0.0,0.0,0.0,0.0,0.0,0.0,,0.0,0.0,0.0,0.0,0.0,0.0,,0.0,0.0,-22.0
2007.0,Газ горючий (природный и попутный),393.0,23719.0,0.0,24112,17545.0,17502.0,43.0,1592.0,1587.0,5.0,213.0,4687.0,,,,,,,,,,,,,,,,,,,1662.0,,1662.0,1662.0,75.0
2007.0,Уголь,7.0,61.0,0.0,68,34.0,34.0,0.0,2.0,0.0,2.0,0.0,32.0,,,,,,,,,,,,,,,,,,,6.0,,6.0,6.0,0.0
2007.0,Торф топливный,752.0,0.0,0.0,752,663.0,72.0,591.0,1.0,0.0,1.0,62.0,26.0,,,,,,,,,,,,,,,,,,,3.0,,3.0,3.0,0.0
2007.0,Дрова,1376.0,0.0,0.0,1376,401.0,396.0,5.0,8.0,0.0,8.0,0.0,967.0,,,,,,,,,,,,,,,,,,,739.0,,739.0,739.0,0.0
2007.0,Прочие виды природного топлива,429.0,0.0,0.0,429,0.0,0.0,0.0,0.0,0.0,0.0,0.0,429.0,,,,,,,,,,,,,,,,,,,88.0,,88.0,88.0,0.0
2007.0,Топливные брикеты,687.0,0.0,133.0,554,88.0,88.0,0.0,0.0,0.0,0.0,0.0,466.0,,,,,,,,,,,,,,,,,,,372.0,,372.0,372.0,0.0
2007.0,Автомобильный бензин,4661.0,91.0,3122.0,1630,0.0,0.0,0.0,0.0,0.0,0.0,0.0,1630.0,,,,,,,,,,,,,,,,,,,824.0,,824.0,824.0,0.0
2007.0,Дизельное топливо,9566.0,1437.0,6605.0,4398,966.0,4.0,962.0,1.0,0.0,1.0,0.0,3431.0,,,,,,,,,,,,,,,,,,,579.0,,579.0,579.0,0.0
2007.0,Топочный мазут,8505.0,41.0,7425.0,1121,470.0,470.0,0.0,8.0,5.0,3.0,0.0,643.0,,,,,,,,,,,,,,,,,,,0.0,,0.0,0.0,0.0
2007.0,Сжиженный газ,710.0,79.0,385.0,404,0.0,0.0,0.0,2.0,2.0,0.0,2.0,400.0,,,,,,,,,,,,,,,,,,,319.0,,319.0,319.0,0.0
2007.0,Газ нефтепреработки,720.0,0.0,0.0,720,53.0,53.0,0.0,0.0,0.0,0.0,16.0,651.0,,,,,,,,,,,,,,,,,,,0.0,,0.0,0.0,0.0
2007.0,"Кокс, коксик и коксовая мелочь",,,,0,,,,,,,,,,,,,,,,,,,,,,,,,,,,,0.0,0.0,0.0
2007.0,Топливо для реактивных двигателей,538.0,0.0,398.0,140,0.0,0.0,0.0,0.0,0.0,0.0,0.0,140.0,,,,,,,,,,,,,,,,,,,0.0,,0.0,0.0,0.0
2007.0,Прочие виды продуктов переработки топлива,3588.0,82.0,3443.0,227,81.0,26.0,55.0,1.0,0.0,1.0,0.0,145.0,,,,,,,,,,,,,,,,,,,9.0,,9.0,9.0,0.0
2007.0,Электроэнергия (включая атомную и гидроэнергию),8913.0,1216.0,0.0,10129,0.0,0.0,0.0,0.0,0.0,0.0,1043.0,9086.0,,,,,,,,,,,,,,,,,,,1432.0,,1432.0,1432.0,0.0
2007.0,Теплоэнергия,12204.0,0.0,0.0,12204,0.0,0.0,0.0,0.0,0.0,0.0,1099.0,11105.0,,,,,,,,,,,,,,,,,,,3903.0,,3903.0,3903.0,0.0
2007.0,ТЭР- всего,56166.0,55378.0,22728.0,88816,47963.0,18646.0,29317.0,3979.0,3955.0,24.0,2983.0,33838.0,0.0,0.0,0.0,0.0,0.0,0.0,0.0,0.0,0.0,0.0,0.0,0.0,0.0,0.0,0.0,0.0,0.0,0.0,9936.0,,,,
2008.0,Нефть и газоконденсат,1896.0,30689.0,2078.0,30507,27547.0,1.0,27546.0,2428.0,2422.0,6.0,532.0,0.0,0.0,0.0,0.0,0.0,0.0,0.0,0.0,0.0,0.0,0.0,0.0,0.0,,0.0,0.0,0.0,0.0,0.0,0.0,,0.0,0.0,0.0
2008.0,Газ горючий (природный и попутный),389.0,24220.0,0.0,24609,17979.0,17932.0,47.0,1551.0,1547.0,4.0,177.0,4902.0,,,,,,,,,,,,,,,,,,,1659.0,,1659.0,1659.0,0.0
2008.0,Уголь,24.0,39.0,0.0,63,27.0,27.0,0.0,10.0,0.0,10.0,0.0,26.0,,,,,,,,,,,,,,,,,,,4.0,,4.0,4.0,0.0
2008.0,Торф топливный,740.0,0.0,0.0,740,673.0,73.0,600.0,0.0,0.0,0.0,44.0,23.0,,,,,,,,,,,,,,,,,,,1.0,,1.0,1.0,0.0
2008.0,Дрова,1386.0,0.0,0.0,1386,447.0,412.0,35.0,7.0,0.0,7.0,0.0,932.0,,,,,,,,,,,,,,,,,,,699.0,,699.0,699.0,0.0
2008.0,Прочие виды природного топлива,476.0,0.0,0.0,476,0.0,0.0,0.0,0.0,0.0,0.0,0.0,476.0,,,,,,,,,,,,,,,,,,,79.0,,79.0,79.0,0.0
2008.0,Топливные брикеты,714.0,0.0,209.0,505,82.0,82.0,0.0,0.0,0.0,0.0,0.0,423.0,,,,,,,,,,,,,,,,,,,332.0,,332.0,332.0,0.0
2008.0,Автомобильный бензин,4853.0,12.0,3171.0,1694,0.0,0.0,0.0,0.0,0.0,0.0,0.0,1694.0,,,,,,,,,,,,,,,,,,,879.0,,879.0,879.0,0.0
2008.0,Дизельное топливо,9478.0,2687.0,5714.0,6451,2587.0,3.0,2584.0,1.0,0.0,1.0,0.0,3863.0,,,,,,,,,,,,,,,,,,,763.0,,763.0,763.0,0.0
2008.0,Топочный мазут,8058.0,41.0,6805.0,1294,686.0,686.0,0.0,7.0,4.0,3.0,1.0,600.0,,,,,,,,,,,,,,,,,,,0.0,,0.0,0.0,0.0
2008.0,Сжиженный газ,811.0,46.0,433.0,424,0.0,0.0,0.0,1.0,1.0,0.0,2.0,421.0,,,,,,,,,,,,,,,,,,,313.0,,313.0,313.0,0.0
2008.0,Газ нефтепреработки,632.0,0.0,0.0,632,77.0,77.0,0.0,0.0,0.0,0.0,12.0,543.0,,,,,,,,,,,,,,,,,,,0.0,,0.0,0.0,0.0
2008.0,"Кокс, коксик и коксовая мелочь",,,,0,,,,,,,,,,,,,,,,,,,,,,,,,,,,,0.0,0.0,0.0
2008.0,Топливо для реактивных двигателей,498.0,0.0,345.0,153,0.0,0.0,0.0,0.0,0.0,0.0,0.0,153.0,,,,,,,,,,,,,,,,,,,0.0,,0.0,0.0,0.0
2008.0,Прочие виды продуктов переработки топлива,5820.0,81.0,5603.0,298,145.0,23.0,122.0,1.0,0.0,1.0,0.0,152.0,,,,,,,,,,,,,,,,,,,7.0,,7.0,7.0,0.0
2008.0,Электроэнергия (включая атомную и гидроэнергию),9813.0,671.0,156.0,10328,0.0,0.0,0.0,0.0,0.0,0.0,1040.0,9288.0,,,,,,,,,,,,,,,,,,,1515.0,,1515.0,1515.0,0.0
2008.0,Теплоэнергия,11804.0,0.0,0.0,11804,0.0,0.0,0.0,0.0,0.0,0.0,1083.0,10721.0,,,,,,,,,,,,,,,,,,,3671.0,,3671.0,3671.0,0.0
2008.0,ТЭР- всего,57392.0,58486.0,24514.0,91364,50250.0,19316.0,30934.0,4006.0,3974.0,32.0,2891.0,34217.0,0.0,0.0,0.0,0.0,0.0,0.0,0.0,0.0,0.0,0.0,0.0,0.0,0.0,0.0,0.0,0.0,0.0,0.0,9922.0,,,,
2009.0,Нефть и газоконденсат,2668.0,30758.0,2454.0,30972,28230.0,1.0,28229.0,2279.0,2273.0,6.0,463.0,0.0,0.0,0.0,0.0,0.0,0.0,0.0,0.0,0.0,0.0,0.0,0.0,0.0,,0.0,0.0,0.0,0.0,0.0,0.0,,0.0,0.0,0.0
2009.0,Газ горючий (природный и попутный),194.0,20260.0,0.0,20454,13963.0,13917.0,46.0,1593.0,1588.0,5.0,159.0,4739.0,,,,,,,,,,,,,,,,,,,1794.0,,1794.0,1794.0,0.0
2009.0,Уголь,8.0,57.0,0.0,65,25.0,25.0,0.0,12.0,0.0,12.0,0.0,28.0,,,,,,,,,,,,,,,,,,,2.0,,2.0,2.0,0.0
2009.0,Торф топливный,826.0,0.0,0.0,826,728.0,84.0,644.0,0.0,0.0,0.0,70.0,28.0,,,,,,,,,,,,,,,,,,,1.0,,1.0,1.0,0.0
2009.0,Дрова,1408.0,0.0,0.0,1408,531.0,461.0,70.0,4.0,0.0,4.0,0.0,873.0,,,,,,,,,,,,,,,,,,,631.0,,631.0,631.0,0.0
2009.0,Прочие виды природного топлива,526.0,0.0,0.0,526,320.0,320.0,0.0,0.0,0.0,0.0,0.0,206.0,,,,,,,,,,,,,,,,,,,71.0,,71.0,71.0,0.0
2009.0,Топливные брикеты,773.0,0.0,295.0,478,86.0,86.0,0.0,0.0,0.0,0.0,0.0,392.0,,,,,,,,,,,,,,,,,,,295.0,,295.0,295.0,0.0
2009.0,Автомобильный бензин,4922.0,3.0,3294.0,1631,1.0,0.0,1.0,0.0,0.0,0.0,0.0,1630.0,,,,,,,,,,,,,,,,,,,901.0,,901.0,901.0,0.0
2009.0,Дизельное топливо,9838.0,3167.0,6277.0,6728,3676.0,1.0,3675.0,1.0,0.0,1.0,0.0,3051.0,,,,,,,,,,,,,,,,,,,455.0,,455.0,455.0,0.0
2009.0,Топочный мазут,8570.0,359.0,5283.0,3646,3055.0,3055.0,0.0,4.0,3.0,1.0,1.0,586.0,,,,,,,,,,,,,,,,,,,0.0,,0.0,0.0,0.0
2009.0,Сжиженный газ,691.0,39.0,361.0,369,0.0,0.0,0.0,0.0,0.0,0.0,2.0,367.0,,,,,,,,,,,,,,,,,,,281.0,,281.0,281.0,0.0
2009.0,Газ нефтепреработки,605.0,0.0,0.0,605,74.0,74.0,0.0,0.0,0.0,0.0,8.0,523.0,,,,,,,,,,,,,,,,,,,0.0,,0.0,0.0,0.0
2009.0,"Кокс, коксик и коксовая мелочь",,,,0,,,,,,,,,,,,,,,,,,,,,,,,,,,,,0.0,0.0,0.0
2009.0,Топливо для реактивных двигателей,593.0,0.0,475.0,118,0.0,0.0,0.0,0.0,0.0,0.0,0.0,118.0,,,,,,,,,,,,,,,,,,,0.0,,0.0,0.0,0.0
2009.0,Прочие виды продуктов переработки топлива,6960.0,70.0,6736.0,294,145.0,20.0,125.0,2.0,1.0,1.0,0.0,147.0,,,,,,,,,,,,,,,,,,,8.0,,8.0,8.0,0.0
2009.0,Электроэнергия (включая атомную и гидроэнергию),8505.0,1254.0,2.0,9757,0.0,0.0,0.0,0.0,0.0,0.0,976.0,8781.0,,,,,,,,,,,,,,,,,,,1555.0,,1555.0,1555.0,0.0
2009.0,Теплоэнергия,11859.0,0.0,0.0,11859,0.0,0.0,0.0,0.0,0.0,0.0,1027.0,10832.0,,,,,,,,,,,,,,,,,,,3862.0,,3862.0,3862.0,0.0
2009.0,ТЭР- всего,58946.0,55967.0,25177.0,89736,50834.0,18044.0,32790.0,3895.0,3865.0,30.0,2706.0,32301.0,0.0,0.0,0.0,0.0,0.0,0.0,0.0,0.0,0.0,0.0,0.0,0.0,0.0,0.0,0.0,0.0,0.0,0.0,9856.0,,,,
2010.0,Нефть и газоконденсат,2517.0,21077.0,0.0,23594,23253.0,1.0,23252.0,4.0,0.0,4.0,337.0,0.0,0.0,0.0,0.0,0.0,0.0,0.0,0.0,0.0,0.0,0.0,0.0,0.0,0.0,0.0,0.0,0.0,0.0,0.0,0.0,,0.0,0.0,0.0
2010.0,Газ горючий (природный и попутный),442.0,24708.0,0.0,25150,18237.0,18153.0,84.0,1662.0,1657.0,5.0,153.0,5098.0,2482.0,40.0,2430.0,125.0,52.0,21.0,320.0,239.0,1359.0,180.0,83.0,31.0,20.0,12.0,35.0,105.0,438.0,24.0,2014.0,,5110.0,5098.0,0.0
2010.0,Уголь,18.0,42.0,0.0,60,24.0,24.0,0.0,13.0,3.0,10.0,1.0,22.0,8.0,0.0,8.0,0.0,0.0,0.0,0.0,0.0,6.0,1.0,0.0,1.0,0.0,0.0,0.0,0.0,9.0,3.0,2.0,,22.0,22.0,0.0
2010.0,Торф топливный,879.0,0.0,0.0,879,773.0,93.0,680.0,0.0,0.0,0.0,74.0,32.0,29.0,0.0,18.0,0.0,0.0,0.0,18.0,0.0,0.0,0.0,0.0,0.0,0.0,11.0,0.0,0.0,0.0,2.0,1.0,,43.0,32.0,0.0
2010.0,Дрова,1535.0,0.0,0.0,1535,520.0,431.0,89.0,4.0,0.0,4.0,1.0,1010.0,37.0,0.0,12.0,4.0,1.0,1.0,0.0,0.0,2.0,0.0,2.0,1.0,1.0,25.0,14.0,70.0,0.0,79.0,810.0,,1035.0,1010.0,0.0
2010.0,Прочие виды природного топлива,709.0,0.0,0.0,709,528.0,459.0,69.0,0.0,0.0,0.0,0.0,181.0,67.0,0.0,51.0,4.0,2.0,24.0,0.0,0.0,15.0,1.0,2.0,0.0,3.0,16.0,12.0,37.0,0.0,8.0,57.0,,197.0,181.0,0.0
2010.0,Топливные брикеты,649.0,0.0,193.0,456,83.0,83.0,0.0,0.0,0.0,0.0,0.0,373.0,16.0,1.0,14.0,1.0,1.0,0.0,0.0,0.0,9.0,0.0,1.0,1.0,1.0,1.0,3.0,6.0,2.0,62.0,284.0,,374.0,373.0,0.0
2010.0,Автомобильный бензин,4608.0,4.0,3162.0,1450,0.0,0.0,0.0,0.0,0.0,0.0,0.0,1651.0,3.0,0.0,0.0,0.0,0.0,0.0,0.0,0.0,0.0,0.0,0.0,0.0,0.0,3.0,6.0,9.0,1627.0,6.0,0.0,,1654.0,1651.0,-201.0
2010.0,Дизельное топливо,7752.0,1188.0,4128.0,4812,1163.0,2.0,1161.0,1.0,0.0,1.0,0.0,3922.0,106.0,19.0,68.0,13.0,7.0,6.0,7.0,7.0,9.0,3.0,7.0,6.0,3.0,19.0,190.0,868.0,2713.0,45.0,0.0,,3941.0,3922.0,-274.0
2010.0,Топочный мазут,6315.0,377.0,4916.0,1776,833.0,496.0,337.0,802.0,801.0,1.0,1.0,484.0,454.0,0.0,452.0,3.0,0.0,5.0,435.0,7.0,2.0,0.0,0.0,0.0,0.0,2.0,26.0,0.0,0.0,4.0,0.0,,486.0,484.0,-344.0
2010.0,Сжиженный газ,639.0,88.0,377.0,350,1.0,1.0,0.0,0.0,0.0,0.0,2.0,353.0,3.0,3.0,0.0,0.0,0.0,0.0,0.0,0.0,0.0,0.0,0.0,0.0,0.0,0.0,2.0,0.0,167.0,0.0,181.0,,353.0,353.0,-6.0
2010.0,Газ нефтепреработки,736.0,0.0,0.0,736,135.0,135.0,0.0,0.0,0.0,0.0,6.0,595.0,595.0,0.0,595.0,0.0,0.0,0.0,595.0,0.0,0.0,0.0,0.0,0.0,0.0,0.0,0.0,0.0,0.0,0.0,0.0,,595.0,595.0,0.0
2010.0,"Кокс, коксик и коксовая мелочь",-5.0,75.0,0.0,70,0.0,0.0,0.0,0.0,0.0,0.0,0.0,70.0,70.0,0.0,70.0,12.0,0.0,0.0,0.0,0.0,14.0,19.0,19.0,6.0,0.0,0.0,0.0,0.0,0.0,0.0,0.0,,70.0,70.0,0.0
2010.0,Топливо для реактивных двигателей,465.0,0.0,329.0,136,0.0,0.0,0.0,0.0,0.0,0.0,0.0,136.0,0.0,0.0,0.0,0.0,0.0,0.0,0.0,0.0,0.0,0.0,0.0,0.0,0.0,0.0,0.0,0.0,136.0,0.0,0.0,,136.0,136.0,0.0
2010.0,Прочие виды продуктов переработки топлива,4724.0,783.0,3426.0,2081,20.0,20.0,0.0,2063.0,2056.0,7.0,0.0,84.0,9.0,0.0,9.0,2.0,0.0,0.0,0.0,0.0,2.0,2.0,2.0,1.0,0.0,0.0,15.0,25.0,0.0,12.0,23.0,,84.0,84.0,-86.0
2010.0,Электроэнергия (включая атомную и гидроэнергию),4292.0,365.0,33.0,4624,278.0,278.0,0.0,0.0,0.0,0.0,464.0,3882.0,2011.0,56.0,1779.0,185.0,75.0,78.0,240.0,421.0,205.0,284.0,137.0,69.0,85.0,176.0,61.0,191.0,175.0,720.0,724.0,,4058.0,3882.0,0.0
2010.0,Теплоэнергия,9541.0,0.0,0.0,9541,0.0,0.0,0.0,0.0,0.0,0.0,862.0,8679.0,3286.0,31.0,3160.0,739.0,145.0,208.0,663.0,794.0,262.0,28.0,109.0,78.0,134.0,95.0,72.0,266.0,0.0,1703.0,3352.0,,8774.0,8679.0,0.0
2010.0,ТЭР- всего,45816.0,48707.0,16564.0,77959,45848.0,20176.0,25672.0,4549.0,4517.0,32.0,1901.0,26572.0,9176.0,150.0,8666.0,1088.0,283.0,343.0,2278.0,1468.0,1885.0,518.0,362.0,194.0,247.0,360.0,436.0,1577.0,5267.0,2668.0,7448.0,,,,
2011.0,Нефть и газоконденсат,2470.0,29223.0,2397.0,29296,26308.0,1.0,26307.0,2578.0,2572.0,6.0,410.0,0.0,0.0,0.0,0.0,0.0,0.0,0.0,0.0,0.0,0.0,0.0,0.0,0.0,,0.0,0.0,0.0,0.0,0.0,0.0,,0.0,0.0,0.0
2011.0,Газ горючий (природный и попутный),916.0,22998.0,0.0,23914,17075.0,17022.0,53.0,1689.0,1687.0,2.0,154.0,4996.0,,,,,,,,,,,,,,,,,,,1948.0,,1948.0,1948.0,0.0
2011.0,Уголь,-19.0,97.0,2.0,76,12.0,12.0,0.0,22.0,4.0,18.0,0.0,42.0,,,,,,,,,,,,,,,,,,,2.0,,2.0,2.0,0.0
2011.0,Торф топливный,876.0,0.0,0.0,876,791.0,93.0,698.0,1.0,0.0,1.0,52.0,32.0,,,,,,,,,,,,,,,,,,,1.0,,1.0,1.0,0.0
2011.0,Дрова,1611.0,0.0,0.0,1611,655.0,513.0,142.0,4.0,0.0,4.0,3.0,949.0,,,,,,,,,,,,,,,,,,,708.0,,708.0,708.0,0.0
2011.0,Прочие виды природного топлива,528.0,0.0,0.0,528,352.0,352.0,0.0,0.0,0.0,0.0,0.0,176.0,,,,,,,,,,,,,,,,,,,56.0,,56.0,56.0,0.0
2011.0,Топливные брикеты,759.0,0.0,203.0,556,86.0,86.0,0.0,0.0,0.0,0.0,0.0,470.0,,,,,,,,,,,,,,,,,,,361.0,,361.0,361.0,0.0
2011.0,Автомобильный бензин,4741.0,3.0,2943.0,1801,0.0,0.0,0.0,0.0,0.0,0.0,0.0,1600.0,,,,,,,,,,,,,,,,,,,949.0,,949.0,949.0,201.0
2011.0,Дизельное топливо,9897.0,4773.0,7166.0,7504,3623.0,3.0,3620.0,1.0,0.0,1.0,1.0,3605.0,,,,,,,,,,,,,,,,,,,1022.0,,1022.0,1022.0,274.0
2011.0,Топочный мазут,7660.0,534.0,6299.0,1895,258.0,247.0,11.0,822.0,822.0,0.0,0.0,471.0,,,,,,,,,,,,,,,,,,,0.0,,0.0,0.0,344.0
2011.0,Сжиженный газ,714.0,2.0,366.0,350,0.0,0.0,0.0,0.0,0.0,0.0,2.0,342.0,,,,,,,,,,,,,,,,,,,268.0,,268.0,268.0,6.0
2011.0,Газ нефтепреработки,402.0,0.0,0.0,402,74.0,74.0,0.0,0.0,0.0,0.0,0.0,328.0,,,,,,,,,,,,,,,,,,,0.0,,0.0,0.0,0.0
2011.0,"Кокс, коксик и коксовая мелочь",,,,0,,,,,,,,,,,,,,,,,,,,,,,,,,,,,0.0,0.0,0.0
2011.0,Топливо для реактивных двигателей,561.0,0.0,403.0,158,0.0,0.0,0.0,0.0,0.0,0.0,0.0,157.0,,,,,,,,,,,,,,,,,,,0.0,,0.0,0.0,1.0
2011.0,Прочие виды продуктов переработки топлива,5520.0,871.0,5266.0,1125,93.0,15.0,78.0,792.0,790.0,2.0,0.0,154.0,,,,,,,,,,,,,,,,,,,4.0,,4.0,4.0,86.0
2011.0,Электроэнергия (включая атомную и гидроэнергию),9013.0,1606.0,42.0,10577,0.0,0.0,0.0,0.0,0.0,0.0,955.0,9622.0,,,,,,,,,,,,,,,,,,,1711.0,,1711.0,1711.0,0.0
2011.0,Теплоэнергия,12068.0,0.0,0.0,12068,0.0,0.0,0.0,0.0,0.0,0.0,975.0,11093.0,,,,,,,,,,,,,,,,,,,3895.0,,3895.0,3895.0,0.0
2011.0,ТЭР- всего,57717.0,60107.0,25087.0,92737,49327.0,18418.0,30909.0,5909.0,5875.0,34.0,2552.0,34037.0,0.0,0.0,0.0,0.0,0.0,0.0,0.0,0.0,0.0,0.0,0.0,0.0,0.0,0.0,0.0,0.0,0.0,0.0,10925.0,,,,
2012.0,Нефть и газоконденсат,2360.0,30987.0,2353.0,30994,28055.0,1.0,28054.0,2521.0,2515.0,6.0,418.0,0.0,0.0,0.0,0.0,0.0,0.0,0.0,0.0,0.0,0.0,0.0,0.0,0.0,,0.0,0.0,0.0,0.0,0.0,0.0,,0.0,0.0,0.0
2012.0,Газ горючий (природный и попутный),282.0,23290.0,0.0,23572,16486.0,16430.0,56.0,1731.0,1728.0,3.0,166.0,5189.0,,,,,,,,,,,,,,,,,,,2183.0,,2183.0,2183.0,0.0
2012.0,Уголь,-45.0,342.0,1.0,296,12.0,12.0,0.0,23.0,5.0,18.0,0.0,261.0,,,,,,,,,,,,,,,,,,,2.0,,2.0,2.0,0.0
2012.0,Торф топливный,861.0,0.0,0.0,861,789.0,93.0,696.0,0.0,0.0,0.0,41.0,31.0,,,,,,,,,,,,,,,,,,,0.0,,0.0,0.0,0.0
2012.0,Дрова,1639.0,0.0,0.0,1639,722.0,531.0,191.0,3.0,0.0,3.0,1.0,913.0,,,,,,,,,,,,,,,,,,,671.0,,671.0,671.0,0.0
2012.0,Прочие виды природного топлива,730.0,0.0,0.0,730,471.0,471.0,0.0,0.0,0.0,0.0,0.0,259.0,,,,,,,,,,,,,,,,,,,54.0,,54.0,54.0,0.0
2012.0,Топливные брикеты,791.0,0.0,236.0,555,95.0,95.0,0.0,0.0,0.0,0.0,0.0,460.0,,,,,,,,,,,,,,,,,,,345.0,,345.0,345.0,0.0
2012.0,Автомобильный бензин,5501.0,1.0,3883.0,1619,0.0,0.0,0.0,0.0,0.0,0.0,0.0,1619.0,,,,,,,,,,,,,,,,,,,1007.0,,1007.0,1007.0,0.0
2012.0,Дизельное топливо,10884.0,4666.0,5990.0,9560,5870.0,3.0,5867.0,43.0,42.0,1.0,3.0,3644.0,,,,,,,,,,,,,,,,,,,1134.0,,1134.0,1134.0,0.0
2012.0,Топочный мазут,9024.0,1332.0,7790.0,2566,437.0,434.0,3.0,1630.0,1629.0,1.0,0.0,499.0,,,,,,,,,,,,,,,,,,,0.0,,0.0,0.0,0.0
2012.0,Сжиженный газ,796.0,9.0,466.0,339,0.0,0.0,0.0,0.0,0.0,0.0,2.0,337.0,,,,,,,,,,,,,,,,,,,254.0,,254.0,254.0,0.0
2012.0,Газ нефтепреработки,840.0,0.0,0.0,840,131.0,131.0,0.0,0.0,0.0,0.0,9.0,700.0,,,,,,,,,,,,,,,,,,,0.0,,0.0,0.0,0.0
2012.0,"Кокс, коксик и коксовая мелочь",,,,0,,,,,,,,,,,,,,,,,,,,,,,,,,,,,0.0,0.0,0.0
2012.0,Топливо для реактивных двигателей,554.0,22.0,416.0,160,0.0,0.0,0.0,0.0,0.0,0.0,0.0,160.0,,,,,,,,,,,,,,,,,,,0.0,,0.0,0.0,0.0
2012.0,Прочие виды продуктов переработки топлива,7142.0,3307.0,6437.0,4012,189.0,13.0,176.0,2729.0,2720.0,9.0,1.0,1093.0,,,,,,,,,,,,,,,,,,,1.0,,1.0,1.0,0.0
2012.0,Электроэнергия (включая атомную и гидроэнергию),8623.0,2212.0,83.0,10752,0.0,0.0,0.0,0.0,0.0,0.0,954.0,9798.0,,,,,,,,,,,,,,,,,,,1772.0,,1772.0,1772.0,0.0
2012.0,Теплоэнергия,12501.0,0.0,0.0,12501,0.0,0.0,0.0,0.0,0.0,0.0,982.0,11519.0,,,,,,,,,,,,,,,,,,,4090.0,,4090.0,4090.0,0.0
2012.0,ТЭР- всего,62483.0,66168.0,27655.0,100996,53257.0,18214.0,35043.0,8680.0,8639.0,41.0,2577.0,36482.0,0.0,0.0,0.0,0.0,0.0,0.0,0.0,0.0,0.0,0.0,0.0,0.0,0.0,0.0,0.0,0.0,0.0,0.0,11513.0,,,,
2013.0,Нефть и газоконденсат,2202.0,30403.0,2315.0,30290,27676.0,1.0,27675.0,2219.0,2213.0,6.0,395.0,0.0,0.0,0.0,0.0,0.0,0.0,0.0,0.0,0.0,0.0,0.0,0.0,0.0,,0.0,0.0,0.0,0.0,0.0,0.0,,0.0,0.0,0.0
2013.0,Газ горючий (природный и попутный),489.0,23299.0,0.0,23788,16649.0,16605.0,44.0,1772.0,1771.0,1.0,159.0,5208.0,,,,,,,,,,,,,,,,,,,2158.0,,2158.0,2158.0,0.0
2013.0,Уголь,-35.0,483.0,0.0,448,8.0,8.0,0.0,21.0,4.0,17.0,0.0,419.0,,,,,,,,,,,,,,,,,,,2.0,,2.0,2.0,0.0
2013.0,Торф топливный,692.0,0.0,0.0,692,632.0,84.0,548.0,0.0,0.0,0.0,33.0,27.0,,,,,,,,,,,,,,,,,,,0.0,,0.0,0.0,0.0
2013.0,Дрова,1599.0,0.0,0.0,1599,760.0,517.0,243.0,3.0,0.0,3.0,1.0,835.0,,,,,,,,,,,,,,,,,,,601.0,,601.0,601.0,0.0
2013.0,Прочие виды природного топлива,782.0,0.0,0.0,782,500.0,500.0,0.0,0.0,0.0,0.0,0.0,282.0,,,,,,,,,,,,,,,,,,,47.0,,47.0,47.0,0.0
2013.0,Топливные брикеты,618.0,0.0,100.0,518,90.0,90.0,0.0,0.0,0.0,0.0,0.0,428.0,,,,,,,,,,,,,,,,,,,325.0,,325.0,325.0,0.0
2013.0,Автомобильный бензин,5416.0,4.0,3750.0,1670,0.0,0.0,0.0,0.0,0.0,0.0,0.0,1670.0,,,,,,,,,,,,,,,,,,,1088.0,,1088.0,1088.0,0.0
2013.0,Дизельное топливо,10530.0,28.0,5736.0,4822,628.0,4.0,624.0,1.0,0.0,1.0,3.0,4190.0,,,,,,,,,,,,,,,,,,,1105.0,,1105.0,1105.0,0.0
2013.0,Топочный мазут,7977.0,26.0,7413.0,590,126.0,122.0,4.0,4.0,3.0,1.0,0.0,460.0,,,,,,,,,,,,,,,,,,,0.0,,0.0,0.0,0.0
2013.0,Сжиженный газ,941.0,0.0,639.0,302,0.0,0.0,0.0,0.0,0.0,0.0,2.0,300.0,,,,,,,,,,,,,,,,,,,225.0,,225.0,225.0,0.0
2013.0,Газ нефтепреработки,891.0,0.0,0.0,891,112.0,112.0,0.0,0.0,0.0,0.0,6.0,773.0,,,,,,,,,,,,,,,,,,,0.0,,0.0,0.0,0.0
2013.0,"Кокс, коксик и коксовая мелочь",,,,0,,,,,,,,,,,,,,,,,,,,,,,,,,,,,0.0,0.0,0.0
2013.0,Топливо для реактивных двигателей,517.0,24.0,375.0,166,0.0,0.0,0.0,0.0,0.0,0.0,0.0,166.0,,,,,,,,,,,,,,,,,,,0.0,,0.0,0.0,0.0
2013.0,Прочие виды продуктов переработки топлива,2248.0,4.0,1740.0,512,53.0,12.0,41.0,14.0,7.0,7.0,0.0,445.0,,,,,,,,,,,,,,,,,,,0.0,,0.0,0.0,0.0
2013.0,Электроэнергия (включая атомную и гидроэнергию),8819.0,1880.0,97.0,10602,0.0,0.0,0.0,,0.0,0.0,936.0,9666.0,,,,,,,,,,,,,,,,,,,1788.0,,1788.0,1788.0,0.0
2013.0,Теплоэнергия,12159.0,0.0,0.0,12159,0.0,0.0,0.0,0.0,0.0,0.0,951.0,11208.0,,,,,,,,,,,,,,,,,,,4097.0,,4097.0,4097.0,0.0
2013.0,ТЭР- всего,55845.0,56151.0,22165.0,89831,47234.0,18055.0,29179.0,4034.0,3998.0,36.0,2486.0,36077.0,0.0,0.0,0.0,0.0,0.0,0.0,0.0,0.0,0.0,0.0,0.0,0.0,0.0,0.0,0.0,0.0,0.0,0.0,11436.0,,,,
2014.0,Нефть и газоконденсат,2037.0,32186.0,2312.0,31911,28138.0,1.0,28137.0,3321.0,3317.0,4.0,452.0,0.0,,,,,,,,,,,,,,,,,,,0.0,,0.0,0.0,0.0
2014.0,Газ горючий (природный и попутный),542.0,23060.0,0.0,23602,16704.0,16643.0,61.0,1846.0,1845.0,1.0,155.0,4897.0,,,,,,,,,,,,,,,,,,,2115.0,23491.66,38748.71,24877.41,0.0
2014.0,Уголь,-26.0,644.0,4.0,614,3.0,3.0,0.0,27.0,3.0,24.0,0.0,584.0,,,,,,,,,,,,,,,,,,,1.0,,624.1225,624.04,0.0
2014.0,Торф топливный,539.0,0.0,0.0,539,494.0,84.0,410.0,0.0,0.0,0.0,25.0,20.0,,,,,,,,,,,,,,,,,,,0.0,,0.0,0.0,0.0
2014.0,Дрова,1484.0,0.0,0.0,1484,753.0,489.0,264.0,4.0,0.0,4.0,2.0,725.0,,,,,,,,,,,,,,,,,,,504.0,1483.4386,2431.4626,1887.7586,0.0
2014.0,Прочие виды природного топлива,846.0,0.0,0.0,846,558.0,558.0,0.0,0.0,0.0,0.0,0.0,288.0,,,,,,,,,,,,,,,,,,,36.0,,36.0,36.0,0.0
2014.0,Топливные брикеты,479.0,0.0,63.0,416,76.0,76.0,0.0,0.0,0.0,0.0,0.0,340.0,,,,,,,,,,,,,,,,,,,248.0,416.24,546.44,490.64,0.0
2014.0,Автомобильный бензин,5792.0,1.0,4100.0,1693,0.0,0.0,0.0,0.0,0.0,0.0,0.0,1693.0,,,,,,,,,,,,,,,,,,,1131.0,1691.24,2159.1,2127.81,0.0
2014.0,Дизельное топливо,10796.0,30.0,6306.0,4520,869.0,2.0,867.0,2.0,0.0,2.0,4.0,3645.0,,,,,,,,,,,,,,,,,,,922.0,4518.58,6866.13,6796.53,0.0
2014.0,Топочный мазут,6838.0,3.0,6223.0,618,149.0,148.0,1.0,2.0,2.0,0.0,0.0,467.0,,,,,,,,,,,,,,,,,,,0.0,,746.239,644.859,0.0
2014.0,Сжиженный газ,883.0,63.0,678.0,268,0.0,0.0,0.0,0.0,0.0,0.0,2.0,266.0,,,,,,,,,,,,,,,,,,,200.0,266.882,318.692,298.282,0.0
2014.0,Газ нефтепреработки,962.0,0.0,0.0,962,125.0,125.0,0.0,0.0,0.0,0.0,7.0,830.0,,,,,,,,,,,,,,,,,,,0.0,,830.0,830.0,0.0
2014.0,"Кокс, коксик и коксовая мелочь",,,,0,,,,,,,,,,,,,,,,,,,,,,,,,,,,,0.0,0.0,0.0
2014.0,Топливо для реактивных двигателей,501.0,25.0,332.0,194,0.0,0.0,0.0,0.0,0.0,0.0,0.0,194.0,,,,,,,,,,,,,,,,,,,0.0,,194.0,194.0,0.0
2014.0,Прочие виды продуктов переработки топлива,2918.0,65.0,2326.0,657,11.0,11.0,0.0,24.0,11.0,13.0,0.0,622.0,,,,,,,,,,,,,,,,,,,0.0,,0.0,0.0,0.0
2014.0,Электроэнергия (включая атомную и гидроэнергию),9726.0,1071.0,142.0,10655,0.0,0.0,0.0,0.0,0.0,0.0,892.0,9763.0,,,,,,,,,,,,,,,,,,,1791.0,9849.96,14447.28,12473.28,0.0
2014.0,Теплоэнергия,11706.0,0.0,0.0,11706,0.0,0.0,0.0,0.0,0.0,0.0,908.0,10798.0,,,,,,,,,,,,,,,,,,,3903.0,9937.6,12493.01,11629.433,0.0
2014.0,ТЭР- всего,56023.0,57148.0,22486.0,90685,47880.0,18140.0,29740.0,5226.0,5178.0,48.0,2447.0,35132.0,208595.575,3972.632,104172.38,15178.641,3325.807,4657.883,24995.343,27845.248,11399.491,6385.121,4824.793,2224.9865,3324.237,57619.2435,2683.027,10607.807,9773.267,13534.5666,10851.0,,,,
2015.0,Нефть и газоконденсат,2466.0,32774.0,2309.0,32931,32462.0,1.0,32461.0,4.0,0.0,4.0,465.0,0.0,0.0,0.0,0.0,0.0,0.0,0.0,0.0,0.0,0.0,0.0,0.0,0.0,0.0,0.0,0.0,0.0,0.0,0.0,0.0,,0.0,0.0,0.0
2015.0,Газ горючий (природный и попутный),493.0,21609.0,0.0,22102,15724.0,15463.0,81.0,1890.0,1890.0,0.0,92.0,4396.0,1561.0,24.0,1526.0,114.0,47.0,25.0,280.0,225.0,556.0,194.0,55.0,16.0,14.0,11.0,24.0,128.0,607.0,26.0,2050.0,,4396.0,4396.0,0.0
2015.0,Уголь,40.0,590.0,36.0,594,2.0,2.0,0.0,29.0,3.0,26.0,0.0,563.0,553.0,0.0,553.0,0.0,0.0,0.0,0.0,0.0,553.0,0.0,0.0,0.0,0.0,0.0,1.0,0.0,8.0,0.0,1.0,,563.0,563.0,0.0
2015.0,Торф топливный,466.0,0.0,0.0,466,423.0,85.0,338.0,0.0,0.0,0.0,25.0,18.0,18.0,0.0,11.0,0.0,0.0,0.0,11.0,0.0,0.0,0.0,0.0,0.0,0.0,7.0,0.0,0.0,0.0,0.0,0.0,,18.0,18.0,0.0
2015.0,Дрова,1357.0,0.0,0.0,1357,625.0,396.0,29.0,3.0,0.0,3.0,0.0,729.0,35.0,0.0,10.0,3.0,0.0,0.0,0.0,0.0,2.0,0.0,2.0,1.0,2.0,25.0,12.0,61.0,0.0,64.0,557.0,,729.0,729.0,0.0
2015.0,Прочие виды природного топлива,932.0,0.0,98.0,834,672.0,645.0,27.0,0.0,0.0,0.0,0.0,162.0,79.0,0.0,74.0,4.0,0.0,47.0,0.0,0.0,8.0,1.0,1.0,1.0,12.0,5.0,8.0,33.0,0.0,14.0,28.0,,162.0,162.0,0.0
2015.0,Топливные брикеты,327.0,0.0,42.0,285,52.0,52.0,0.0,0.0,0.0,0.0,0.0,233.0,32.0,0.0,32.0,0.0,0.0,0.0,0.0,0.0,32.0,0.0,0.0,0.0,0.0,0.0,1.0,3.0,1.0,36.0,160.0,,233.0,233.0,0.0
2015.0,Автомобильный бензин,5899.0,52.0,4233.0,1718,61.0,0.0,61.0,0.0,0.0,0.0,0.0,1657.0,3.0,0.0,0.0,0.0,0.0,0.0,0.0,0.0,0.0,0.0,0.0,0.0,0.0,3.0,7.0,9.0,1631.0,7.0,0.0,,1657.0,1657.0,0.0
2015.0,Дизельное топливо,11235.0,255.0,7771.0,3719,1.0,1.0,0.0,1.0,0.0,1.0,0.0,3717.0,100.0,23.0,58.0,13.0,4.0,4.0,6.0,9.0,7.0,3.0,6.0,3.0,3.0,19.0,113.0,838.0,2631.0,35.0,0.0,,3717.0,3717.0,0.0
2015.0,Топочный мазут,9258.0,289.0,8684.0,863,356.0,172.0,184.0,1.0,1.0,0.0,0.0,506.0,493.0,0.0,493.0,1.0,0.0,0.0,488.0,4.0,0.0,0.0,0.0,0.0,0.0,0.0,12.0,0.0,0.0,1.0,0.0,,506.0,506.0,0.0
2015.0,Сжиженный газ,846.0,96.0,700.0,242,0.0,0.0,0.0,0.0,0.0,0.0,2.0,240.0,2.0,2.0,0.0,0.0,0.0,0.0,0.0,0.0,0.0,0.0,0.0,0.0,0.0,0.0,5.0,0.0,118.0,0.0,115.0,,240.0,240.0,0.0
2015.0,Газ нефтепреработки,1136.0,0.0,0.0,1136,117.0,117.0,0.0,0.0,0.0,0.0,9.0,1010.0,1010.0,0.0,1010.0,0.0,0.0,0.0,1008.0,2.0,0.0,0.0,0.0,0.0,0.0,0.0,0.0,0.0,0.0,0.0,0.0,,1010.0,1010.0,0.0
2015.0,"Кокс, коксик и коксовая мелочь",3.0,51.0,0.0,54,0.0,0.0,0.0,0.0,0.0,0.0,0.0,54.0,54.0,0.0,54.0,13.0,0.0,0.0,0.0,0.0,13.0,14.0,11.0,3.0,0.0,0.0,0.0,0.0,0.0,0.0,0.0,,54.0,54.0,0.0
2015.0,Топливо для реактивных двигателей,567.0,18.0,391.0,194,0.0,0.0,0.0,0.0,0.0,0.0,0.0,194.0,0.0,0.0,0.0,0.0,0.0,0.0,0.0,0.0,0.0,0.0,0.0,0.0,0.0,0.0,0.0,0.0,194.0,0.0,0.0,,194.0,194.0,0.0
2015.0,Прочие виды продуктов переработки топлива,4261.0,1265.0,2425.0,3101,113.0,12.0,101.0,2956.0,2945.0,11.0,0.0,32.0,3.0,0.0,3.0,2.0,0.0,0.0,0.0,0.0,1.0,0.0,0.0,0.0,0.0,0.0,12.0,10.0,0.0,7.0,0.0,,32.0,32.0,0.0
2015.0,Электроэнергия (включая атомную и гидроэнергию),4211.0,346.0,24.0,4533,258.0,258.0,0.0,0.0,0.0,0.0,359.0,3916.0,1881.0,60.0,1689.0,193.0,61.0,91.0,259.0,419.0,191.0,257.0,96.0,43.0,79.0,132.0,32.0,188.0,151.0,852.0,812.0,,3916.0,3916.0,0.0
2015.0,Теплоэнергия,8287.0,0.0,0.0,8287,0.0,0.0,0.0,0.0,0.0,0.0,696.0,7591.0,2725.0,43.0,2582.0,624.0,89.0,166.0,616.0,705.0,149.0,18.0,62.0,43.0,110.0,100.0,46.0,226.0,0.0,1458.0,3136.0,,7591.0,7591.0,0.0
2015.0,ТЭР- всего,51784.0,57345.0,26713.0,82416,50866.0,17204.0,33282.0,4884.0,4839.0,45.0,1648.0,25018.0,8549.0,152.0,8095.0,967.0,201.0,333.0,2668.0,1364.0,1512.0,487.0,233.0,110.0,220.0,302.0,273.0,1496.0,5341.0,2500.0,6859.0,,,,
2016.0,Нефть и газоконденсат,2993.0,25943.0,2312.0,26624,26238.0,1.0,26237.0,4.0,0.0,4.0,382.0,0.0,0.0,0.0,0.0,0.0,0.0,0.0,0.0,0.0,0.0,0.0,0.0,0.0,0.0,0.0,0.0,0.0,0.0,0.0,0.0,,0.0,0.0,0.0
2016.0,Газ горючий (природный и попутный),524.0,21436.0,0.0,21960,15524.0,15446.0,78.0,1823.0,1823.0,0.0,67.0,4546.0,1465.0,25.0,1429.0,126.0,46.0,27.0,273.0,226.0,435.0,194.0,60.0,26.0,16.0,11.0,24.0,158.0,624.0,28.0,2247.0,,4546.0,4546.0,0.0
2016.0,Уголь,-60.0,623.0,31.0,532,2.0,2.0,0.0,29.0,3.0,26.0,0.0,501.0,491.0,0.0,491.0,0.0,0.0,0.0,0.0,0.0,491.0,0.0,0.0,0.0,0.0,0.0,1.0,0.0,8.0,0.0,1.0,,501.0,501.0,0.0
2016.0,Торф топливный,631.0,0.0,0.0,631,554.0,99.0,455.0,0.0,0.0,0.0,30.0,47.0,47.0,0.0,41.0,0.0,0.0,0.0,11.0,0.0,30.0,0.0,0.0,0.0,0.0,6.0,0.0,0.0,0.0,0.0,0.0,,47.0,47.0,0.0
2016.0,Дрова,1457.0,0.0,0.0,1457,735.0,399.0,336.0,3.0,0.0,3.0,1.0,718.0,30.0,0.0,11.0,3.0,0.0,1.0,0.0,0.0,2.0,0.0,2.0,1.0,2.0,19.0,11.0,68.0,0.0,65.0,544.0,,718.0,718.0,0.0
2016.0,Прочие виды природного топлива,917.0,0.0,85.0,832,696.0,671.0,25.0,0.0,0.0,0.0,0.0,136.0,64.0,0.0,62.0,2.0,0.0,35.0,0.0,1.0,7.0,1.0,1.0,1.0,14.0,2.0,5.0,29.0,0.0,10.0,28.0,,136.0,136.0,0.0
2016.0,Топливные брикеты,432.0,0.0,47.0,385,52.0,52.0,0.0,0.0,0.0,0.0,0.0,333.0,129.0,0.0,128.0,1.0,0.0,0.0,0.0,0.0,125.0,0.0,1.0,0.0,1.0,1.0,1.0,3.0,1.0,36.0,163.0,,333.0,333.0,0.0
2016.0,Автомобильный бензин,5374.0,307.0,3905.0,1776,72.0,0.0,72.0,0.0,0.0,0.0,0.0,1704.0,4.0,0.0,1.0,0.0,0.0,0.0,0.0,0.0,0.0,0.0,0.0,0.0,1.0,3.0,4.0,9.0,1675.0,12.0,0.0,,1704.0,1704.0,0.0
2016.0,Дизельное топливо,9227.0,1005.0,6422.0,3810,2.0,2.0,0.0,1.0,0.0,1.0,0.0,3807.0,100.0,20.0,61.0,13.0,6.0,6.0,4.0,7.0,7.0,4.0,6.0,4.0,4.0,19.0,99.0,821.0,2754.0,33.0,0.0,,3807.0,3807.0,0.0
2016.0,Топочный мазут,6927.0,52.0,6150.0,829,350.0,320.0,30.0,1.0,1.0,0.0,1.0,477.0,466.0,0.0,466.0,3.0,0.0,0.0,456.0,7.0,0.0,0.0,0.0,0.0,0.0,0.0,10.0,0.0,0.0,1.0,0.0,,477.0,477.0,0.0
2016.0,Сжиженный газ,676.0,102.0,543.0,235,0.0,0.0,0.0,0.0,0.0,0.0,2.0,233.0,4.0,2.0,2.0,0.0,0.0,0.0,0.0,0.0,0.0,0.0,0.0,0.0,2.0,0.0,2.0,0.0,131.0,0.0,96.0,,233.0,233.0,0.0
2016.0,Газ нефтепреработки,949.0,0.0,0.0,949,106.0,106.0,0.0,0.0,0.0,0.0,9.0,834.0,834.0,0.0,834.0,0.0,0.0,0.0,832.0,2.0,0.0,0.0,0.0,0.0,0.0,0.0,0.0,0.0,0.0,0.0,0.0,,834.0,834.0,0.0
2016.0,"Кокс, коксик и коксовая мелочь",-4.0,53.0,0.0,49,0.0,0.0,0.0,1.0,0.0,1.0,0.0,48.0,48.0,0.0,48.0,11.0,0.0,0.0,0.0,0.0,12.0,10.0,12.0,3.0,0.0,0.0,0.0,0.0,0.0,0.0,0.0,,48.0,48.0,0.0
2016.0,Топливо для реактивных двигателей,469.0,31.0,293.0,207,0.0,0.0,0.0,0.0,0.0,0.0,0.0,207.0,0.0,0.0,0.0,0.0,0.0,0.0,0.0,0.0,0.0,0.0,0.0,0.0,0.0,0.0,0.0,0.0,207.0,0.0,0.0,,207.0,207.0,0.0
2016.0,Прочие виды продуктов переработки топлива,3175.0,1093.0,1588.0,2680,214.0,9.0,205.0,2437.0,2429.0,8.0,0.0,29.0,5.0,0.0,5.0,4.0,0.0,0.0,0.0,0.0,0.0,1.0,0.0,0.0,0.0,0.0,8.0,8.0,0.0,8.0,0.0,,29.0,29.0,0.0
2016.0,Электроэнергия (включая атомную и гидроэнергию),4128.0,391.0,20.0,4499,256.0,256.0,0.0,0.0,0.0,0.0,354.0,3889.0,1847.0,62.0,1656.0,197.0,62.0,96.0,239.0,415.0,181.0,247.0,98.0,45.0,76.0,129.0,31.0,191.0,151.0,846.0,823.0,,3889.0,3889.0,0.0
2016.0,Теплоэнергия,8548.0,0.0,0.0,8548,0.0,0.0,0.0,0.0,0.0,0.0,686.0,7862.0,2794.0,61.0,2636.0,632.0,93.0,168.0,660.0,686.0,150.0,24.0,70.0,52.0,101.0,97.0,42.0,230.0,0.0,1517.0,3279.0,,7862.0,7862.0,0.0
2016.0,ТЭР- всего,46363.0,51036.0,21396.0,76003,44801.0,17363.0,27438.0,4299.0,4256.0,43.0,1532.0,25371.0,8328.0,170.0,7871.0,992.0,207.0,333.0,2475.0,1344.0,1440.0,481.0,250.0,132.0,217.0,287.0,238.0,1517.0,5551.0,2556.0,7181.0,,,,
2017.0,Нефть и газоконденсат,2404.0,25926.0,2318.0,26012,25617.0,1.0,25616.0,6.0,0.0,6.0,389.0,0.0,0.0,0.0,0.0,0.0,0.0,0.0,0.0,0.0,0.0,0.0,0.0,0.0,0.0,0.0,0.0,0.0,0.0,0.0,0.0,,0.0,0.0,0.0
2017.0,Газ горючий (природный и попутный),606.0,21866.0,0.0,22472,15961.0,15870.0,91.0,1837.0,1837.0,0.0,64.0,4610.0,1545.0,18.0,1517.0,123.0,8.0,29.0,307.0,254.0,497.0,199.0,63.0,23.0,14.0,10.0,25.0,163.0,617.0,33.0,2227.0,,4610.0,4610.0,0.0
2017.0,Уголь,41.0,638.0,140.0,539,1.0,1.0,0.0,33.0,5.0,28.0,0.0,505.0,496.0,0.0,496.0,0.0,0.0,0.0,0.0,0.0,496.0,0.0,0.0,0.0,0.0,0.0,0.0,0.0,7.0,1.0,1.0,,505.0,505.0,0.0
2017.0,Торф топливный,663.0,0.0,0.0,663,593.0,93.0,500.0,0.0,0.0,0.0,29.0,41.0,41.0,0.0,35.0,0.0,0.0,0.0,12.0,0.0,23.0,0.0,0.0,0.0,0.0,6.0,0.0,0.0,0.0,0.0,0.0,,41.0,41.0,0.0
2017.0,Дрова,1532.0,0.0,0.0,1532,721.0,376.0,345.0,3.0,0.0,3.0,2.0,806.0,29.0,0.0,11.0,3.0,0.0,1.0,0.0,0.0,2.0,1.0,2.0,0.0,2.0,18.0,11.0,71.0,0.0,62.0,633.0,,806.0,806.0,0.0
2017.0,Прочие виды природного топлива,1028.0,0.0,127.0,901,748.0,748.0,0.0,0.0,0.0,0.0,0.0,153.0,85.0,0.0,78.0,2.0,0.0,60.0,0.0,1.0,2.0,1.0,0.0,0.0,12.0,7.0,4.0,25.0,0.0,10.0,29.0,,153.0,153.0,0.0
2017.0,Топливные брикеты,476.0,0.0,55.0,421,54.0,54.0,0.0,0.0,0.0,0.0,0.0,367.0,142.0,0.0,141.0,1.0,0.0,0.0,0.0,0.0,138.0,0.0,1.0,0.0,1.0,1.0,1.0,3.0,2.0,35.0,184.0,,367.0,367.0,0.0
2017.0,Автомобильный бензин,5268.0,160.0,3593.0,1835,97.0,0.0,97.0,0.0,0.0,0.0,0.0,1738.0,4.0,0.0,1.0,0.0,0.0,0.0,0.0,0.0,0.0,0.0,0.0,0.0,1.0,3.0,6.0,9.0,1709.0,10.0,0.0,,1738.0,1738.0,0.0
2017.0,Дизельное топливо,8569.0,1146.0,5590.0,4125,3.0,3.0,0.0,1.0,0.0,1.0,0.0,4121.0,106.0,20.0,67.0,17.0,6.0,6.0,6.0,6.0,6.0,6.0,7.0,4.0,3.0,19.0,101.0,939.0,2932.0,43.0,0.0,,4121.0,4121.0,0.0
2017.0,Топочный мазут,6415.0,0.0,5606.0,809,442.0,175.0,267.0,1.0,1.0,0.0,0.0,366.0,354.0,0.0,354.0,4.0,0.0,0.0,345.0,5.0,0.0,0.0,0.0,0.0,0.0,0.0,12.0,0.0,0.0,0.0,0.0,,366.0,366.0,0.0
2017.0,Сжиженный газ,761.0,395.0,927.0,229,0.0,0.0,0.0,0.0,0.0,0.0,2.0,227.0,4.0,2.0,2.0,0.0,0.0,0.0,0.0,0.0,0.0,0.0,0.0,0.0,2.0,0.0,2.0,0.0,135.0,2.0,84.0,,227.0,227.0,0.0
2017.0,Газ нефтепреработки,926.0,0.0,0.0,926,121.0,121.0,0.0,0.0,0.0,0.0,9.0,796.0,796.0,0.0,796.0,0.0,0.0,0.0,796.0,0.0,0.0,0.0,0.0,0.0,0.0,0.0,0.0,0.0,0.0,0.0,0.0,,796.0,796.0,0.0
2017.0,"Кокс, коксик и коксовая мелочь",5.0,57.0,0.0,62,0.0,0.0,0.0,19.0,12.0,7.0,0.0,43.0,43.0,0.0,43.0,0.0,0.0,0.0,0.0,0.0,14.0,12.0,12.0,5.0,0.0,0.0,0.0,0.0,0.0,0.0,0.0,,43.0,43.0,0.0
2017.0,Топливо для реактивных двигателей,577.0,22.0,382.0,217,0.0,0.0,0.0,0.0,0.0,0.0,0.0,217.0,0.0,0.0,0.0,0.0,0.0,0.0,0.0,0.0,0.0,0.0,0.0,0.0,0.0,0.0,0.0,0.0,217.0,0.0,0.0,,217.0,217.0,0.0
2017.0,Прочие виды продуктов переработки топлива,3214.0,1204.0,1700.0,2718,9.0,9.0,0.0,2670.0,2662.0,8.0,0.0,39.0,4.0,0.0,4.0,2.0,0.0,0.0,0.0,0.0,1.0,1.0,0.0,0.0,0.0,0.0,14.0,15.0,0.0,6.0,0.0,,39.0,39.0,0.0
2017.0,Электроэнергия (включая атомную и гидроэнергию),4246.0,336.0,18.0,4564,259.0,259.0,0.0,0.0,0.0,0.0,353.0,3952.0,1912.0,64.0,1719.0,201.0,45.0,111.0,229.0,438.0,197.0,266.0,108.0,49.0,75.0,129.0,32.0,195.0,150.0,852.0,811.0,,3952.0,3952.0,0.0
2017.0,Теплоэнергия,8679.0,0.0,0.0,8679,0.0,0.0,0.0,0.0,0.0,0.0,668.0,8011.0,2864.0,61.0,2719.0,631.0,80.0,195.0,692.0,726.0,149.0,22.0,76.0,52.0,96.0,84.0,37.0,253.0,0.0,1524.0,3333.0,,8011.0,8011.0,0.0
2017.0,ТЭР- всего,45410.0,51750.0,20456.0,76704,44626.0,17710.0,26916.0,4570.0,4517.0,53.0,1516.0,25992.0,8425.0,165.0,7983.0,984.0,139.0,402.0,2387.0,1430.0,1525.0,508.0,269.0,133.0,206.0,277.0,245.0,1673.0,5769.0,2578.0,7302.0,,,,
2018.0,Нефть и газоконденсат,2378.0,26095.0,2345.0,26128,25727.0,1.0,25726.0,9.0,0.0,9.0,392.0,0.0,0.0,0.0,0.0,0.0,0.0,0.0,0.0,0.0,0.0,0.0,0.0,0.0,0.0,0.0,0.0,0.0,0.0,0.0,0.0,,0.0,0.0,0.0
2018.0,Газ горючий (природный и попутный),454.0,23380.0,0.0,23834,17247.0,17153.0,94.0,1900.0,1900.0,0.0,60.0,4627.0,1556.0,18.0,1524.0,140.0,8.0,32.0,268.0,258.0,504.0,204.0,64.0,30.0,16.0,14.0,25.0,160.0,618.0,36.0,2232.0,,4627.0,4627.0,0.0
2018.0,Уголь,-121.0,1333.0,691.0,521,1.0,1.0,0.0,37.0,6.0,31.0,0.0,483.0,474.0,0.0,474.0,0.0,0.0,0.0,0.0,0.0,474.0,0.0,0.0,0.0,0.0,0.0,0.0,0.0,7.0,1.0,1.0,,483.0,483.0,0.0
2018.0,Торф топливный,742.0,0.0,0.0,742,667.0,109.0,559.0,0.0,0.0,0.0,35.0,40.0,40.0,0.0,33.0,0.0,0.0,0.0,14.0,0.0,19.0,0.0,0.0,0.0,0.0,7.0,0.0,0.0,0.0,0.0,0.0,,40.0,40.0,0.0
2018.0,Дрова,1721.0,0.0,0.0,1721,885.0,378.0,507.0,3.0,0.0,3.0,3.0,830.0,33.0,0.0,17.0,8.0,0.0,1.0,0.0,0.0,5.0,0.0,2.0,1.0,2.0,16.0,12.0,67.0,0.0,65.0,653.0,,830.0,830.0,0.0
2018.0,Прочие виды природного топлива,1158.0,0.0,158.0,1000,858.0,841.0,17.0,0.0,0.0,0.0,0.0,142.0,82.0,0.0,80.0,3.0,0.0,57.0,0.0,3.0,5.0,1.0,1.0,0.0,8.0,2.0,4.0,21.0,0.0,8.0,27.0,,142.0,142.0,0.0
2018.0,Топливные брикеты,515.0,0.0,82.0,433,46.0,46.0,0.0,0.0,0.0,0.0,0.0,387.0,162.0,0.0,161.0,1.0,0.0,0.0,0.0,0.0,157.0,1.0,1.0,0.0,1.0,1.0,1.0,3.0,2.0,33.0,186.0,,387.0,387.0,0.0
2018.0,Автомобильный бензин,5104.0,30.0,3223.0,1911,125.0,0.0,125.0,0.0,0.0,0.0,0.0,1786.0,4.0,0.0,1.0,1.0,0.0,0.0,0.0,0.0,0.0,0.0,0.0,0.0,0.0,3.0,6.0,9.0,1757.0,10.0,0.0,,1786.0,1786.0,0.0
2018.0,Дизельное топливо,8640.0,303.0,4536.0,4407,3.0,3.0,0.0,1.0,0.0,1.0,0.0,4403.0,154.0,20.0,106.0,49.0,6.0,7.0,6.0,6.0,10.0,6.0,9.0,6.0,1.0,28.0,109.0,932.0,3162.0,46.0,0.0,,4403.0,4403.0,0.0
2018.0,Топочный мазут,6522.0,0.0,6021.0,501,179.0,179.0,0.0,1.0,1.0,0.0,1.0,320.0,305.0,0.0,305.0,0.0,0.0,0.0,302.0,3.0,0.0,0.0,0.0,0.0,0.0,0.0,12.0,3.0,0.0,0.0,0.0,,320.0,320.0,0.0
2018.0,Сжиженный газ,885.0,278.0,944.0,219,0.0,0.0,0.0,2.0,2.0,0.0,0.0,217.0,3.0,0.0,3.0,3.0,0.0,0.0,0.0,0.0,0.0,0.0,0.0,0.0,0.0,0.0,2.0,0.0,132.0,0.0,80.0,,217.0,217.0,0.0
2018.0,Газ нефтепреработки,1047.0,0.0,0.0,1047,113.0,113.0,0.0,0.0,0.0,0.0,11.0,923.0,923.0,0.0,923.0,0.0,0.0,0.0,923.0,0.0,0.0,0.0,0.0,0.0,0.0,0.0,0.0,0.0,0.0,0.0,0.0,,923.0,923.0,0.0
2018.0,"Кокс, коксик и коксовая мелочь",1.0,55.0,0.0,56,0.0,0.0,0.0,15.0,11.0,4.0,0.0,41.0,41.0,0.0,41.0,0.0,0.0,0.0,0.0,0.0,15.0,10.0,11.0,5.0,0.0,0.0,0.0,0.0,0.0,0.0,0.0,,41.0,41.0,0.0
2018.0,Топливо для реактивных двигателей,520.0,26.0,309.0,237,0.0,0.0,0.0,0.0,0.0,0.0,0.0,237.0,0.0,0.0,0.0,0.0,0.0,0.0,0.0,0.0,0.0,0.0,0.0,0.0,0.0,0.0,0.0,0.0,237.0,0.0,0.0,,237.0,237.0,0.0
2018.0,Прочие виды продуктов переработки топлива,2923.0,1403.0,1328.0,2998,214.0,12.0,202.0,2747.0,2733.0,14.0,0.0,37.0,8.0,0.0,7.0,3.0,0.0,0.0,2.0,0.0,0.0,2.0,0.0,0.0,0.0,1.0,17.0,8.0,0.0,4.0,0.0,,37.0,37.0,0.0
2018.0,Электроэнергия (включая атомную и гидроэнергию),4789.0,6.0,128.0,4667,273.0,273.0,0.0,0.0,0.0,0.0,349.0,4045.0,1965.0,64.0,1780.0,204.0,45.0,131.0,237.0,446.0,199.0,274.0,114.0,53.0,77.0,121.0,31.0,195.0,162.0,884.0,808.0,,4045.0,4045.0,0.0
2018.0,Теплоэнергия,8920.0,0.0,0.0,8920,0.0,0.0,0.0,0.0,0.0,0.0,661.0,8259.0,3039.0,62.0,2878.0,625.0,80.0,270.0,710.0,758.0,149.0,32.0,92.0,63.0,99.0,99.0,39.0,252.0,0.0,1585.0,3344.0,,8259.0,8259.0,0.0
2018.0,ТЭР- всего,46198.0,52909.0,19765.0,79342,46338.0,19109.0,27230.0,4715.0,4653.0,62.0,1512.0,26777.0,8789.0,164.0,8333.0,1037.0,139.0,498.0,2462.0,1474.0,1537.0,530.0,294.0,158.0,204.0,292.0,258.0,1650.0,6077.0,2672.0,7331.0,,,,
2019.0,Нефть и газоконденсат,2184.0,25737.0,2358.0,25563,25202.0,1.0,25201.0,7.0,0.0,7.0,354.0,0.0,0.0,0.0,0.0,0.0,0.0,0.0,0.0,0.0,0.0,0.0,0.0,0.0,0.0,0.0,0.0,0.0,0.0,0.0,0.0,,0.0,0.0,0.0
2019.0,Газ горючий (природный и попутный),353.0,23300.0,0.0,23653,17217.0,17121.0,96.0,1921.0,1920.0,1.0,49.0,4466.0,1525.0,17.0,1499.0,138.0,8.0,40.0,271.0,243.0,489.0,214.0,59.0,27.0,10.0,9.0,24.0,172.0,559.0,39.0,2147.0,,4466.0,4466.0,0.0
2019.0,Уголь,-19.0,3385.0,2734.0,632,2.0,2.0,0.0,36.0,6.0,30.0,0.0,594.0,586.0,0.0,586.0,0.0,0.0,0.0,0.0,0.0,586.0,0.0,0.0,0.0,0.0,0.0,0.0,0.0,7.0,0.0,1.0,,594.0,594.0,0.0
2019.0,Торф топливный,698.0,0.0,0.0,698,620.0,111.0,509.0,0.0,0.0,0.0,31.0,47.0,46.0,0.0,39.0,0.0,0.0,0.0,15.0,0.0,24.0,0.0,0.0,0.0,0.0,7.0,0.0,0.0,0.0,0.0,1.0,,47.0,47.0,0.0
2019.0,Дрова,1781.0,0.0,0.0,1781,937.0,343.0,594.0,4.0,0.0,4.0,0.0,840.0,26.0,0.0,12.0,3.0,1.0,1.0,0.0,0.0,2.0,0.0,2.0,1.0,2.0,14.0,11.0,68.0,0.0,60.0,675.0,,840.0,840.0,0.0
2019.0,Прочие виды природного топлива,1443.0,0.0,226.0,1217,1079.0,1060.0,19.0,0.0,0.0,0.0,0.0,138.0,84.0,0.0,82.0,3.0,0.0,60.0,0.0,1.0,4.0,1.0,1.0,0.0,12.0,2.0,2.0,19.0,0.0,8.0,25.0,,138.0,138.0,0.0
2019.0,Топливные брикеты,447.0,0.0,60.0,387,36.0,36.0,0.0,0.0,0.0,0.0,0.0,351.0,153.0,0.0,153.0,1.0,0.0,0.0,0.0,0.0,150.0,0.0,1.0,0.0,1.0,0.0,1.0,3.0,2.0,28.0,164.0,,351.0,351.0,0.0
2019.0,Автомобильный бензин,4459.0,6.0,2476.0,1989,134.0,0.0,134.0,0.0,0.0,0.0,0.0,1855.0,5.0,0.0,2.0,1.0,0.0,0.0,0.0,0.0,0.0,0.0,0.0,1.0,0.0,3.0,4.0,10.0,1825.0,11.0,0.0,,1855.0,1855.0,0.0
2019.0,Дизельное топливо,8973.0,0.0,4617.0,4356,2.0,2.0,0.0,1.0,0.0,1.0,0.0,4353.0,109.0,25.0,65.0,15.0,6.0,9.0,6.0,4.0,6.0,6.0,6.0,4.0,3.0,19.0,94.0,946.0,3149.0,55.0,0.0,,4353.0,4353.0,0.0
2019.0,Топочный мазут,5502.0,0.0,5103.0,399,110.0,110.0,0.0,1.0,1.0,0.0,0.0,288.0,273.0,0.0,273.0,3.0,0.0,0.0,269.0,1.0,0.0,0.0,0.0,0.0,0.0,0.0,14.0,0.0,0.0,1.0,0.0,,288.0,288.0,0.0
2019.0,Сжиженный газ,609.0,141.0,539.0,211,0.0,0.0,0.0,2.0,2.0,0.0,0.0,209.0,4.0,2.0,2.0,0.0,0.0,0.0,0.0,0.0,0.0,0.0,0.0,0.0,2.0,0.0,2.0,0.0,132.0,0.0,71.0,,209.0,209.0,0.0
2019.0,Газ нефтепреработки,1072.0,0.0,0.0,1072,91.0,91.0,0.0,0.0,0.0,0.0,9.0,972.0,972.0,0.0,972.0,0.0,0.0,0.0,972.0,0.0,0.0,0.0,0.0,0.0,0.0,0.0,0.0,0.0,0.0,0.0,0.0,,972.0,972.0,0.0
2019.0,"Кокс, коксик и коксовая мелочь",4.0,47.0,0.0,51,0.0,0.0,0.0,11.0,6.0,5.0,0.0,40.0,40.0,0.0,40.0,0.0,0.0,0.0,0.0,0.0,16.0,8.0,11.0,5.0,0.0,0.0,0.0,0.0,0.0,0.0,0.0,,40.0,40.0,0.0
2019.0,Топливо для реактивных двигателей,699.0,34.0,437.0,296,0.0,0.0,0.0,0.0,0.0,0.0,0.0,296.0,0.0,0.0,0.0,0.0,0.0,0.0,0.0,0.0,0.0,0.0,0.0,0.0,0.0,0.0,0.0,0.0,296.0,0.0,0.0,,296.0,296.0,0.0
2019.0,Прочие виды продуктов переработки топлива,4273.0,25.0,1603.0,2695,126.0,6.0,120.0,2529.0,2512.0,17.0,0.0,40.0,5.0,0.0,5.0,3.0,0.0,0.0,0.0,0.0,1.0,1.0,0.0,0.0,0.0,0.0,14.0,15.0,0.0,6.0,0.0,,40.0,40.0,0.0
2019.0,Электроэнергия (включая атомную и гидроэнергию),4975.0,4.0,292.0,4687,273.0,273.0,0.0,0.0,0.0,0.0,333.0,4081.0,1990.0,65.0,1807.0,208.0,45.0,148.0,240.0,437.0,206.0,288.0,106.0,51.0,78.0,118.0,32.0,193.0,151.0,914.0,801.0,,4081.0,4081.0,0.0
2019.0,Теплоэнергия,8476.0,0.0,0.0,8476,0.0,0.0,0.0,0.0,0.0,0.0,615.0,7861.0,2944.0,62.0,2801.0,616.0,74.0,356.0,676.0,689.0,143.0,32.0,73.0,50.0,92.0,81.0,39.0,238.0,0.0,1478.0,3162.0,,7861.0,7861.0,0.0
2019.0,ТЭР- всего,45929.0,52679.0,20445.0,78163,45829.0,19156.0,26673.0,4512.0,4447.0,65.0,1391.0,26431.0,8762.0,171.0,8338.0,991.0,134.0,614.0,2449.0,1375.0,1627.0,550.0,259.0,139.0,200.0,253.0,237.0,1664.0,6121.0,2600.0,7047.0,,,,
2020.0,Нефть и газоконденсат,2222.0,22840.0,1740.0,23322,23013.0,1.0,23012.0,4.0,0.0,4.0,305.0,0.0,0.0,0.0,0.0,0.0,0.0,0.0,0.0,0.0,0.0,0.0,0.0,0.0,0.0,0.0,0.0,0.0,0.0,0.0,0.0,,0.0,0.0,0.0
2020.0,Газ горючий (природный и попутный),336.0,21581.0,0.0,21917,15780.0,15623.0,157.0,1829.0,1828.0,1.0,47.0,4261.0,1432.0,15.0,1407.0,137.0,8.0,38.0,229.0,244.0,457.0,204.0,56.0,24.0,10.0,10.0,23.0,173.0,443.0,42.0,2148.0,,4261.0,4261.0,0.0
2020.0,Уголь,52.0,1950.0,1360.0,642,1.0,1.0,0.0,47.0,17.0,30.0,0.0,594.0,588.0,0.0,588.0,0.0,0.0,0.0,0.0,0.0,588.0,0.0,0.0,0.0,0.0,0.0,0.0,0.0,4.0,1.0,1.0,,594.0,594.0,0.0
2020.0,Торф топливный,554.0,0.0,0.0,554,486.0,102.0,384.0,0.0,0.0,0.0,23.0,45.0,44.0,0.0,39.0,0.0,0.0,0.0,12.0,0.0,27.0,0.0,0.0,0.0,0.0,5.0,0.0,0.0,0.0,1.0,0.0,,45.0,45.0,0.0
2020.0,Дрова,1719.0,0.0,0.0,1719,922.0,320.0,602.0,3.0,0.0,3.0,1.0,793.0,21.0,0.0,9.0,2.0,0.0,1.0,0.0,0.0,2.0,0.0,1.0,1.0,2.0,12.0,10.0,61.0,0.0,54.0,647.0,,793.0,793.0,0.0
2020.0,Прочие виды природного топлива,1682.0,0.0,319.0,1363,1205.0,1205.0,0.0,0.0,0.0,0.0,0.0,158.0,104.0,0.0,103.0,2.0,0.0,86.0,0.0,1.0,2.0,1.0,1.0,0.0,10.0,1.0,2.0,21.0,0.0,7.0,24.0,,158.0,158.0,0.0
2020.0,Топливные брикеты,369.0,0.0,32.0,337,34.0,34.0,0.0,0.0,0.0,0.0,0.0,303.0,141.0,0.0,141.0,0.0,0.0,0.0,0.0,0.0,141.0,0.0,0.0,0.0,0.0,0.0,1.0,2.0,1.0,25.0,133.0,,303.0,303.0,0.0
2020.0,Автомобильный бензин,4659.0,3.0,2704.0,1958,320.0,0.0,320.0,0.0,0.0,0.0,0.0,1638.0,5.0,0.0,2.0,1.0,0.0,0.0,0.0,0.0,0.0,0.0,0.0,1.0,0.0,3.0,5.0,9.0,1609.0,10.0,0.0,,1638.0,1638.0,0.0
2020.0,Дизельное топливо,8420.0,10.0,4366.0,4064,2.0,2.0,0.0,1.0,0.0,1.0,0.0,4061.0,109.0,26.0,64.0,12.0,7.0,13.0,4.0,5.0,6.0,4.0,6.0,3.0,4.0,19.0,94.0,916.0,2896.0,46.0,0.0,,4061.0,4061.0,0.0
2020.0,Топочный мазут,4348.0,0.0,3344.0,1004,698.0,698.0,0.0,3.0,3.0,0.0,0.0,303.0,290.0,0.0,290.0,3.0,0.0,0.0,286.0,1.0,0.0,0.0,0.0,0.0,0.0,0.0,12.0,0.0,0.0,1.0,0.0,,303.0,303.0,0.0
2020.0,Сжиженный газ,625.0,28.0,441.0,212,0.0,0.0,0.0,2.0,2.0,0.0,0.0,210.0,2.0,0.0,2.0,0.0,0.0,0.0,0.0,0.0,1.0,0.0,0.0,0.0,1.0,0.0,2.0,0.0,137.0,1.0,68.0,,210.0,210.0,0.0
2020.0,Газ нефтепреработки,966.0,0.0,0.0,966,115.0,115.0,0.0,0.0,0.0,0.0,6.0,845.0,845.0,0.0,845.0,0.0,0.0,0.0,845.0,0.0,0.0,0.0,0.0,0.0,0.0,0.0,0.0,0.0,0.0,0.0,0.0,,845.0,845.0,0.0
2020.0,"Кокс, коксик и коксовая мелочь",2.0,36.0,0.0,38,0.0,0.0,0.0,5.0,3.0,2.0,0.0,33.0,33.0,0.0,33.0,0.0,0.0,0.0,0.0,0.0,14.0,3.0,12.0,4.0,0.0,0.0,0.0,0.0,0.0,0.0,0.0,,33.0,33.0,0.0
2020.0,Топливо для реактивных двигателей,,,,0,,,,,,,,,,,,,,,,,,,,,,,,,,,,,0.0,0.0,0.0
2020.0,Прочие виды продуктов переработки топлива,4423.0,29.0,1053.0,3399,7.0,7.0,,3180.0,3158.0,22.0,0.0,212.0,3.0,0.0,3.0,1.0,0.0,0.0,0.0,1.0,0.0,1.0,0.0,0.0,0.0,0.0,12.0,14.0,178.0,4.0,1.0,,212.0,212.0,0.0
2020.0,Электроэнергия (включая атомную и гидроэнергию),4741.0,19.0,80.0,4680,275.0,275.0,0.0,0.0,0.0,0.0,337.0,4068.0,1946.0,68.0,1759.0,214.0,42.0,152.0,232.0,422.0,203.0,269.0,98.0,50.0,77.0,119.0,36.0,196.0,143.0,919.0,828.0,,4068.0,4068.0,0.0
2020.0,Теплоэнергия,8332.0,0.0,0.0,8332,0.0,0.0,0.0,0.0,0.0,0.0,579.0,7753.0,2865.0,58.0,2732.0,609.0,69.0,408.0,666.0,604.0,145.0,32.0,70.0,46.0,83.0,75.0,39.0,232.0,0.0,1314.0,3303.0,,7753.0,7753.0,0.0
2020.0,ТЭР- всего,43450.0,46496.0,15439.0,74507,42858.0,18383.0,24475.0,5074.0,5011.0,63.0,1298.0,25277.0,8428.0,167.0,8017.0,981.0,126.0,698.0,2274.0,1278.0,1586.0,514.0,244.0,129.0,187.0,244.0,236.0,1624.0,5411.0,2425.0,7153.0,,,,
